,index,R1,R2a,R2b,R2,R3a (8),R3b (9),R3c (1),R3d (0),R4,R4 uniqueness,R5,Average runtime,Average t OPM,Average t CM,Average time in flux
0,dg_random_random_slower_opm,0.062329488663333876,2.5,0.34898248986882996,2.15101751013117,20.0,10.0,20.0,10.0,2.0,1.0,0.27792269304948136,48.1,,,
1,dg_random_random_slower_nopm,0.08142315273634271,2.5,2.2602254943999425,0.23977450560005753,1.2,0.4,3.0,1.4,2.0,1.0,7.462945228000514,200.0,,,
2,wm_random_random_slower_opm,0.17799999999999994,2.5,2.7517959183673466,-0.2517959183673466,-6.5,-4.5,-2.9,2.2,2.0,1.0,9.187717171717171,45.7,,,
3,wm_random_random_slower_nopm,-0.05900000000000016,2.5,2.497,0.0030000000000001137,0.4,-0.2,0.2,0.4,2.0,1.0,8.274838383838382,200.0,,,
